timestamp,vwap,actual_vwap,lstm_forecast,trf_forecast
2025-05-07 04:00:00,200.7141,200.7141,201.40173,202.08505
2025-05-07 04:01:00,200.4576,200.4576,200.92049,201.90291
2025-05-07 04:02:00,200.7185,200.7185,201.15968,203.06335
2025-05-07 04:03:00,200.702,200.702,201.19275,202.0887
2025-05-07 04:04:00,200.4947,200.4947,201.00926,202.2974
2025-05-07 04:05:00,200.4634,200.4634,200.64197,202.37718
2025-05-07 04:06:00,200.3739,200.3739,201.23257,202.01663
2025-05-07 04:07:00,200.3279,200.3279,201.24847,202.45525
2025-05-07 04:08:00,200.3058,200.3058,201.28656,202.2418
2025-05-07 04:09:00,200.245,200.245,200.86794,201.69931
2025-05-07 04:10:00,200.2484,200.2484,200.90428,201.97733
2025-05-07 04:11:00,200.243,200.243,201.05052,203.04666
2025-05-07 04:12:00,200.3465,200.3465,200.84096,202.63657
2025-05-07 04:13:00,200.4843,200.4843,200.82341,201.81143
2025-05-07 04:14:00,200.5127,200.5127,201.22137,201.64377
2025-05-07 04:15:00,200.47635,200.47635,200.81631,202.66348
2025-05-07 04:16:00,200.44,200.44,201.49434,201.50551
2025-05-07 04:17:00,200.3293,200.3293,200.96768,202.05127
2025-05-07 04:18:00,200.36964999999998,200.36964999999998,200.86668,201.96262
2025-05-07 04:19:00,200.41,200.41,201.26175,202.73737
2025-05-07 04:20:00,200.42123333333333,200.42123333333333,201.06616,201.57935
2025-05-07 04:21:00,200.43246666666667,200.43246666666667,200.90533,202.18877
2025-05-07 04:22:00,200.4437,200.4437,200.70198,202.06277
2025-05-07 04:23:00,200.4862,200.4862,200.78984,201.98909
2025-05-07 04:24:00,200.5035,200.5035,200.47424,202.29568
2025-05-07 04:25:00,200.4246,200.4246,201.49217,201.81972
2025-05-07 04:26:00,200.5493,200.5493,200.94722,202.4831
2025-05-07 04:27:00,200.54784999999998,200.54784999999998,201.37708,201.44096
2025-05-07 04:28:00,200.5464,200.5464,201.06435,201.62798
2025-05-07 04:29:00,200.5352,200.5352,201.22096,202.38148
2025-05-07 04:30:00,200.5573,200.5573,201.11636,201.65182
2025-05-07 04:31:00,200.5794,200.5794,201.22273,201.97186
2025-05-07 04:32:00,200.6015,200.6015,200.64618,202.32416
2025-05-07 04:33:00,200.63503333333333,200.63503333333333,201.08736,202.13821
2025-05-07 04:34:00,200.66856666666666,200.66856666666666,200.94173,201.82785
2025-05-07 04:35:00,200.7021,200.7021,200.87863,202.84053
2025-05-07 04:36:00,200.6768,200.6768,200.82132,202.53221
2025-05-07 04:37:00,200.63125,200.63125,201.44946,201.85059
2025-05-07 04:38:00,200.5857,200.5857,200.9614,202.38994
2025-05-07 04:39:00,200.5811,200.5811,200.66885,201.99533
2025-05-07 04:40:00,200.57094999999998,200.57094999999998,200.7539,202.24428
2025-05-07 04:41:00,200.5608,200.5608,200.83217,202.77792
2025-05-07 04:42:00,200.55065000000002,200.55065000000002,201.5184,202.58185
2025-05-07 04:43:00,200.5405,200.5405,200.92093,202.32755
2025-05-07 04:44:00,200.5788,200.5788,200.6159,202.40665
2025-05-07 04:45:00,200.5862,200.5862,200.97147,202.1201
2025-05-07 04:46:00,200.6212,200.6212,200.94202,202.35287
2025-05-07 04:47:00,200.593725,200.593725,200.97903,202.04793
2025-05-07 04:48:00,200.56625,200.56625,201.4392,202.02979
2025-05-07 04:49:00,200.538775,200.538775,200.9612,201.25464
2025-05-07 04:50:00,200.5113,200.5113,200.9301,202.41602
2025-05-07 04:51:00,200.5334,200.5334,201.23607,202.67432
2025-05-07 04:52:00,200.5555,200.5555,200.86569,202.48926
2025-05-07 04:53:00,200.57760000000002,200.57760000000002,201.13039,201.52843
2025-05-07 04:54:00,200.5997,200.5997,200.79991,203.11552
2025-05-07 04:55:00,200.6218,200.6218,200.53455,202.66606
2025-05-07 04:56:00,200.6439,200.6439,200.61513,201.6901
2025-05-07 04:57:00,200.666,200.666,200.96683,201.45827
2025-05-07 04:58:00,200.6881,200.6881,200.59952,202.24248
2025-05-07 04:59:00,200.7102,200.7102,200.7355,201.7351
2025-05-07 05:00:00,200.7323,200.7323,200.79463,200.54942
2025-05-07 05:01:00,200.7544,200.7544,201.57758,202.09372
2025-05-07 05:02:00,200.7765,200.7765,200.8111,201.86821
2025-05-07 05:03:00,200.78505,200.78505,201.16644,202.90718
2025-05-07 05:04:00,200.7936,200.7936,200.79979,202.31252
2025-05-07 05:05:00,200.76948,200.76948,201.20988,202.6897
2025-05-07 05:06:00,200.74536,200.74536,200.94304,202.68758
2025-05-07 05:07:00,200.72124,200.72124,200.63766,202.41023
2025-05-07 05:08:00,200.69712,200.69712,200.93669,202.54927
2025-05-07 05:09:00,200.673,200.673,200.61868,201.93034
2025-05-07 05:10:00,200.59465,200.59465,200.47398,201.57991
2025-05-07 05:11:00,200.5163,200.5163,200.49983,201.39835
2025-05-07 05:12:00,200.5142,200.5142,200.89877,201.96292
2025-05-07 05:13:00,200.5276,200.5276,201.13737,202.19438
2025-05-07 05:14:00,200.541,200.541,200.44301,201.90479
2025-05-07 05:15:00,200.5544,200.5544,201.15297,202.30972
2025-05-07 05:16:00,200.5678,200.5678,200.6831,202.46921
2025-05-07 05:17:00,200.576575,200.576575,200.81934,202.1175
2025-05-07 05:18:00,200.58535,200.58535,200.71577,202.18768
2025-05-07 05:19:00,200.59412500000002,200.59412500000002,200.93849,201.32767
2025-05-07 05:20:00,200.6029,200.6029,201.09805,201.18971
2025-05-07 05:21:00,200.499,200.499,200.67163,202.07103
2025-05-07 05:22:00,200.4101,200.4101,200.87358,203.09505
2025-05-07 05:23:00,200.3593,200.3593,200.80597,202.36543
2025-05-07 05:24:00,200.2905,200.2905,200.84106,201.61496
2025-05-07 05:25:00,200.3027,200.3027,201.00568,202.04736
2025-05-07 05:26:00,200.2687,200.2687,200.64638,202.20609
2025-05-07 05:27:00,200.229,200.229,200.50273,202.01701
2025-05-07 05:28:00,200.19795,200.19795,200.42667,201.48936
2025-05-07 05:29:00,200.1669,200.1669,200.92227,203.29941
2025-05-07 05:30:00,200.1815,200.1815,200.43742,202.35403
2025-05-07 05:31:00,200.1961,200.1961,200.4725,202.35605
2025-05-07 05:32:00,200.1637,200.1637,201.09393,202.05177
2025-05-07 05:33:00,200.16,200.16,201.02824,202.3301
2025-05-07 05:34:00,200.16,200.16,200.9939,201.74321
2025-05-07 05:35:00,200.1949,200.1949,200.83969,203.27962
2025-05-07 05:36:00,200.20836666666665,200.20836666666665,200.83545,201.97218
2025-05-07 05:37:00,200.22183333333334,200.22183333333334,200.30254,202.42299
2025-05-07 05:38:00,200.2353,200.2353,200.4122,202.84981
2025-05-07 05:39:00,200.22695,200.22695,200.629,201.81831
2025-05-07 05:40:00,200.21859999999998,200.21859999999998,201.24794,202.70903
2025-05-07 05:41:00,200.21025,200.21025,200.7029,202.54915
2025-05-07 05:42:00,200.2019,200.2019,200.67789,202.08403
2025-05-07 05:43:00,200.23423333333332,200.23423333333332,200.95898,203.02043
2025-05-07 05:44:00,200.26656666666668,200.26656666666668,200.58594,201.72441
2025-05-07 05:45:00,200.2989,200.2989,200.49818,201.79678
2025-05-07 05:46:00,200.3238,200.3238,201.06644,202.42651
2025-05-07 05:47:00,200.36430000000001,200.36430000000001,200.87056,202.593
2025-05-07 05:48:00,200.40480000000002,200.40480000000002,201.34134,203.12065
2025-05-07 05:49:00,200.4453,200.4453,200.67143,202.52527
2025-05-07 05:50:00,200.4858,200.4858,200.99059,202.59743
2025-05-07 05:51:00,200.4862,200.4862,200.54208,200.9522
2025-05-07 05:52:00,200.4866,200.4866,200.84264,201.95573
2025-05-07 05:53:00,200.44845,200.44845,200.38899,200.84315
2025-05-07 05:54:00,200.4103,200.4103,200.45813,202.44685
2025-05-07 05:55:00,200.3507,200.3507,200.50446,203.25856
2025-05-07 05:56:00,200.3672,200.3672,201.32993,201.48076
2025-05-07 05:57:00,200.3837,200.3837,200.96036,202.64465
2025-05-07 05:58:00,200.3878,200.3878,201.02707,202.30202
2025-05-07 05:59:00,200.344175,200.344175,201.00616,201.14874
2025-05-07 06:00:00,200.30055,200.30055,200.07149,202.5925
2025-05-07 06:01:00,200.256925,200.256925,201.00125,201.76593
2025-05-07 06:02:00,200.2133,200.2133,200.59798,202.30037
2025-05-07 06:03:00,200.1537,200.1537,200.7132,202.9776
2025-05-07 06:04:00,200.1876,200.1876,200.92798,202.47102
2025-05-07 06:05:00,200.1955,200.1955,200.6301,201.65327
2025-05-07 06:06:00,200.1666,200.1666,201.04004,202.63525
2025-05-07 06:07:00,200.1927,200.1927,200.83788,202.22511
2025-05-07 06:08:00,200.189525,200.189525,200.98045,202.73477
2025-05-07 06:09:00,200.18635,200.18635,200.84047,201.6243
2025-05-07 06:10:00,200.183175,200.183175,200.68895,201.55258
2025-05-07 06:11:00,200.18,200.18,201.04764,202.3223
2025-05-07 06:12:00,200.1956,200.1956,201.08742,202.19144
2025-05-07 06:13:00,200.3948,200.3948,200.74153,201.76743
2025-05-07 06:14:00,200.39015,200.39015,200.39792,202.55708
2025-05-07 06:15:00,200.3855,200.3855,200.54868,202.45177
2025-05-07 06:16:00,200.4387,200.4387,200.58089,202.19797
2025-05-07 06:17:00,200.43614000000002,200.43614000000002,201.22066,201.962
2025-05-07 06:18:00,200.43358,200.43358,200.87068,202.29813
2025-05-07 06:19:00,200.43102,200.43102,200.54515,201.70163
2025-05-07 06:20:00,200.42846,200.42846,200.46924,202.38008
2025-05-07 06:21:00,200.4259,200.4259,200.44328,202.5286
2025-05-07 06:22:00,200.42334,200.42334,200.39664,202.8927
2025-05-07 06:23:00,200.42077999999998,200.42077999999998,200.66801,202.6764
2025-05-07 06:24:00,200.41822,200.41822,200.49033,202.4254
2025-05-07 06:25:00,200.41566,200.41566,200.2854,202.9643
2025-05-07 06:26:00,200.4131,200.4131,200.67813,202.59868
2025-05-07 06:27:00,200.35645,200.35645,200.34962,202.50089
2025-05-07 06:28:00,200.2998,200.2998,201.02945,202.04956
2025-05-07 06:29:00,200.30522000000002,200.30522000000002,200.91953,202.40419
2025-05-07 06:30:00,200.31064,200.31064,200.57251,202.35112
2025-05-07 06:31:00,200.31606,200.31606,201.02692,201.982
2025-05-07 06:32:00,200.32148,200.32148,200.8828,202.30165
2025-05-07 06:33:00,200.32690000000002,200.32690000000002,200.45047,201.90088
2025-05-07 06:34:00,200.33232,200.33232,200.63402,202.12483
2025-05-07 06:35:00,200.33774,200.33774,200.39844,203.17477
2025-05-07 06:36:00,200.34316,200.34316,200.57567,202.38731
2025-05-07 06:37:00,200.34858000000003,200.34858000000003,200.66182,202.11154
2025-05-07 06:38:00,200.354,200.354,200.7761,202.6857
2025-05-07 06:39:00,200.3664,200.3664,200.3086,201.01205
2025-05-07 06:40:00,200.37824999999998,200.37824999999998,200.87672,202.04921
2025-05-07 06:41:00,200.3901,200.3901,200.79008,202.45871
2025-05-07 06:42:00,200.40665,200.40665,201.03018,202.25758
2025-05-07 06:43:00,200.4232,200.4232,200.41988,201.02176
2025-05-07 06:44:00,200.44445000000002,200.44445000000002,200.99844,202.02446
2025-05-07 06:45:00,200.4657,200.4657,200.89548,201.6869
2025-05-07 06:46:00,200.48596666666666,200.48596666666666,200.14246,202.6578
2025-05-07 06:47:00,200.50623333333334,200.50623333333334,201.0389,202.11389
2025-05-07 06:48:00,200.5265,200.5265,200.77347,202.34932
2025-05-07 06:49:00,200.5858,200.5858,200.4789,202.28978
2025-05-07 06:50:00,200.663,200.663,200.91446,202.72217
2025-05-07 06:51:00,200.5839,200.5839,201.05576,201.65605
2025-05-07 06:52:00,200.4337,200.4337,200.66031,202.77899
2025-05-07 06:53:00,200.477475,200.477475,200.66638,203.2742
2025-05-07 06:54:00,200.52125,200.52125,200.58441,202.52786
2025-05-07 06:55:00,200.565025,200.565025,200.61864,201.25616
2025-05-07 06:56:00,200.6088,200.6088,200.91386,202.38364
2025-05-07 06:57:00,200.5007,200.5007,200.74243,201.73746
2025-05-07 06:58:00,200.53506666666667,200.53506666666667,201.14369,202.61224
2025-05-07 06:59:00,200.56943333333334,200.56943333333334,200.68327,202.62822
2025-05-07 07:00:00,200.6038,200.6038,201.20851,201.20818
2025-05-07 07:01:00,200.4503,200.4503,201.19626,202.18753
2025-05-07 07:02:00,200.4705,200.4705,200.3452,201.21913
2025-05-07 07:03:00,200.8717,200.8717,200.34666,201.1079
2025-05-07 07:04:00,200.9086,200.9086,200.83005,202.20601
2025-05-07 07:05:00,200.829,200.829,200.19017,203.09332
2025-05-07 07:06:00,200.7494,200.7494,200.78601,202.51888
2025-05-07 07:07:00,200.80135,200.80135,200.75851,202.0072
2025-05-07 07:08:00,200.8533,200.8533,200.48836,202.37048
2025-05-07 07:09:00,200.887,200.887,200.86317,201.70493
2025-05-07 07:10:00,200.9511,200.9511,201.30173,202.23587
2025-05-07 07:11:00,200.938,200.938,200.6916,202.33344
2025-05-07 07:12:00,200.9505,200.9505,201.28688,202.19576
2025-05-07 07:13:00,200.9625,200.9625,200.51616,202.04228
2025-05-07 07:14:00,200.8895,200.8895,200.85114,202.38742
2025-05-07 07:15:00,200.90425,200.90425,200.40985,202.85133
2025-05-07 07:16:00,200.919,200.919,200.82547,203.13512
2025-05-07 07:17:00,200.9572,200.9572,200.60419,202.53221
2025-05-07 07:18:00,200.8922,200.8922,200.92288,202.41832
2025-05-07 07:19:00,200.8845,200.8845,200.41374,202.61658
2025-05-07 07:20:00,200.92395,200.92395,200.49553,201.83202
2025-05-07 07:21:00,200.9634,200.9634,200.73524,201.23096
2025-05-07 07:22:00,200.9191,200.9191,200.71843,202.33168
2025-05-07 07:23:00,200.9842,200.9842,200.67555,202.19972
2025-05-07 07:24:00,201.0214,201.0214,200.39578,203.16017
2025-05-07 07:25:00,200.964,200.964,200.40944,202.1829
2025-05-07 07:26:00,200.8898,200.8898,200.28352,200.95747
2025-05-07 07:27:00,200.7617,200.7617,200.87924,202.27469
2025-05-07 07:28:00,200.728,200.728,200.20035,203.36523
2025-05-07 07:29:00,200.6888,200.6888,200.7877,201.67892
2025-05-07 07:30:00,200.71313333333333,200.71313333333333,200.22537,202.81328
2025-05-07 07:31:00,200.73746666666665,200.73746666666665,200.16672,201.9078
2025-05-07 07:32:00,200.7618,200.7618,200.88228,202.3342
2025-05-07 07:33:00,200.8136,200.8136,200.70677,202.0899
2025-05-07 07:34:00,200.770875,200.770875,200.07422,202.06284
2025-05-07 07:35:00,200.72815,200.72815,200.90924,202.60449
2025-05-07 07:36:00,200.685425,200.685425,200.63805,202.42393
2025-05-07 07:37:00,200.6427,200.6427,200.53839,202.17879
2025-05-07 07:38:00,200.5475,200.5475,200.41771,201.76488
2025-05-07 07:39:00,200.6538,200.6538,200.55153,201.28433
2025-05-07 07:40:00,200.6088,200.6088,201.0009,202.95808
2025-05-07 07:41:00,200.5212,200.5212,200.97781,201.5037
2025-05-07 07:42:00,200.4622,200.4622,200.61205,201.75606
2025-05-07 07:43:00,200.5602,200.5602,200.83427,201.25374
2025-05-07 07:44:00,200.4207,200.4207,200.46095,200.94377
2025-05-07 07:45:00,200.5915,200.5915,200.71205,201.77185
2025-05-07 07:46:00,200.5819,200.5819,200.72734,201.45363
2025-05-07 07:47:00,200.59185,200.59185,200.72173,200.94801
2025-05-07 07:48:00,200.6018,200.6018,199.90997,201.6308
2025-05-07 07:49:00,200.61865,200.61865,199.95805,202.4307
2025-05-07 07:50:00,200.6355,200.6355,200.52528,202.2687
2025-05-07 07:51:00,200.6248,200.6248,200.74557,202.8821
2025-05-07 07:52:00,200.5992,200.5992,200.5349,201.27702
2025-05-07 07:53:00,200.58465,200.58465,200.26869,202.79811
2025-05-07 07:54:00,200.5701,200.5701,200.56673,202.24466
2025-05-07 07:55:00,200.574425,200.574425,200.80385,201.14417
2025-05-07 07:56:00,200.57875,200.57875,200.74887,202.1504
2025-05-07 07:57:00,200.583075,200.583075,200.27827,202.70723
2025-05-07 07:58:00,200.5874,200.5874,200.72794,202.6519
2025-05-07 07:59:00,200.5981,200.5981,200.15636,202.47755
2025-05-07 08:00:00,198.6177,198.6177,200.44856,201.77019
2025-05-07 08:01:00,200.5242,200.5242,200.52786,200.64934
2025-05-07 08:02:00,200.55035,200.55035,200.8718,201.7399
2025-05-07 08:03:00,200.5765,200.5765,200.37067,200.92917
2025-05-07 08:04:00,200.6067,200.6067,200.60197,200.98363
2025-05-07 08:05:00,200.505,200.505,200.3894,201.81734
2025-05-07 08:06:00,200.3328,200.3328,200.44237,200.38002
2025-05-07 08:07:00,200.286,200.286,200.68619,201.91287
2025-05-07 08:08:00,200.2336,200.2336,200.23665,202.58821
2025-05-07 08:09:00,200.1423,200.1423,200.82771,202.36078
2025-05-07 08:10:00,200.0701,200.0701,200.45645,201.37341
2025-05-07 08:11:00,200.0439,200.0439,200.39221,201.73141
2025-05-07 08:12:00,200.0132,200.0132,200.22614,201.79575
2025-05-07 08:13:00,200.204,200.204,199.89708,201.45091
2025-05-07 08:14:00,200.2123,200.2123,200.8815,201.44768
2025-05-07 08:15:00,200.1692,200.1692,200.83527,201.87506
2025-05-07 08:16:00,200.3391,200.3391,200.80965,201.16138
2025-05-07 08:17:00,200.2479,200.2479,200.54861,201.81601
2025-05-07 08:18:00,200.3947,200.3947,200.15024,201.37674
2025-05-07 08:19:00,200.2702,200.2702,200.55919,202.26456
2025-05-07 08:20:00,200.3244,200.3244,200.89017,202.32578
2025-05-07 08:21:00,200.2548,200.2548,200.86964,201.56111
2025-05-07 08:22:00,200.244,200.244,200.68883,201.79875
2025-05-07 08:23:00,200.2803,200.2803,200.40508,201.28583
2025-05-07 08:24:00,200.263,200.263,200.09116,202.03531
2025-05-07 08:25:00,200.1676,200.1676,200.16339,201.66713
2025-05-07 08:26:00,200.0656,200.0656,200.84833,201.635
2025-05-07 08:27:00,200.0571,200.0571,200.44891,201.24762
2025-05-07 08:28:00,200.0769,200.0769,200.39505,202.5638
2025-05-07 08:29:00,199.9669,199.9669,200.42429,201.5769
2025-05-07 08:30:00,199.9625,199.9625,200.25829,201.316
2025-05-07 08:31:00,199.9696,199.9696,200.71341,201.40202
2025-05-07 08:32:00,200.0001,200.0001,200.63692,201.47464
2025-05-07 08:33:00,199.9964,199.9964,200.97824,201.95013
2025-05-07 08:34:00,199.9968,199.9968,200.75981,201.21858
2025-05-07 08:35:00,199.9462,199.9462,200.17574,202.26756
2025-05-07 08:36:00,199.8425,199.8425,201.32924,202.47221
2025-05-07 08:37:00,199.874,199.874,200.36342,202.36673
2025-05-07 08:38:00,199.8652,199.8652,200.47443,202.07898
2025-05-07 08:39:00,199.8768,199.8768,200.08229,201.49355
2025-05-07 08:40:00,199.8797,199.8797,200.40285,201.84242
2025-05-07 08:41:00,199.9182,199.9182,200.66592,201.7444
2025-05-07 08:42:00,200.0825,200.0825,200.77715,202.25243
2025-05-07 08:43:00,200.0639,200.0639,200.39691,201.00775
2025-05-07 08:44:00,200.0538,200.0538,200.33478,202.19624
2025-05-07 08:45:00,200.1109,200.1109,200.06541,202.86072
2025-05-07 08:46:00,200.0909,200.0909,200.67152,202.48616
2025-05-07 08:47:00,200.1389,200.1389,200.36134,202.47989
2025-05-07 08:48:00,200.0624,200.0624,200.4294,201.95909
2025-05-07 08:49:00,200.0683,200.0683,200.40303,201.40799
2025-05-07 08:50:00,200.102,200.102,200.09555,202.75374
2025-05-07 08:51:00,200.2025,200.2025,199.98773,202.73264
2025-05-07 08:52:00,200.2763,200.2763,200.37091,202.82556
2025-05-07 08:53:00,200.2973,200.2973,200.41623,201.22884
2025-05-07 08:54:00,200.2747,200.2747,200.93088,201.8733
2025-05-07 08:55:00,200.2171,200.2171,200.13852,202.58208
2025-05-07 08:56:00,200.1007,200.1007,200.46751,201.21306
2025-05-07 08:57:00,200.0788,200.0788,200.44708,202.22224
2025-05-07 08:58:00,200.0578,200.0578,200.15741,201.69542
2025-05-07 08:59:00,200.052,200.052,200.8151,202.90718
2025-05-07 09:00:00,199.9797,199.9797,200.56902,202.41194
2025-05-07 09:01:00,199.8252,199.8252,200.39714,202.2968
2025-05-07 09:02:00,199.7458,199.7458,200.3717,202.20447
2025-05-07 09:03:00,199.8049,199.8049,200.11975,201.60478
2025-05-07 09:04:00,199.9097,199.9097,200.04079,201.64244
2025-05-07 09:05:00,199.783,199.783,200.2925,201.70662
2025-05-07 09:06:00,199.7056,199.7056,200.77567,201.69704
2025-05-07 09:07:00,199.6331,199.6331,200.11574,202.48639
2025-05-07 09:08:00,199.6068,199.6068,200.53748,200.9978
2025-05-07 09:09:00,199.5454,199.5454,201.03732,200.47304
2025-05-07 09:10:00,199.5546,199.5546,200.7801,201.17674
2025-05-07 09:11:00,199.653,199.653,200.51028,202.14722
2025-05-07 09:12:00,199.6043,199.6043,200.62389,201.79984
2025-05-07 09:13:00,199.5172,199.5172,200.34212,200.93935
2025-05-07 09:14:00,199.6335,199.6335,200.9574,202.83531
2025-05-07 09:15:00,199.6509,199.6509,200.77022,201.65607
2025-05-07 09:16:00,199.7935,199.7935,200.32677,201.6014
2025-05-07 09:17:00,199.846,199.846,200.46803,202.48953
2025-05-07 09:18:00,199.8154,199.8154,200.15282,202.24022
2025-05-07 09:19:00,199.7587,199.7587,200.018,200.8899
2025-05-07 09:20:00,199.7681,199.7681,200.33676,202.38054
2025-05-07 09:21:00,199.6873,199.6873,200.62268,201.0092
2025-05-07 09:22:00,199.7407,199.7407,200.62317,202.061
2025-05-07 09:23:00,199.8302,199.8302,199.83685,202.32124
2025-05-07 09:24:00,199.6879,199.6879,200.70119,201.23276
2025-05-07 09:25:00,199.6704,199.6704,200.36731,201.89346
2025-05-07 09:26:00,199.6596,199.6596,200.7518,201.84406
2025-05-07 09:27:00,199.9342,199.9342,200.1551,202.13145
2025-05-07 09:28:00,199.2538,199.2538,200.16118,200.83888
2025-05-07 09:29:00,199.1553,199.1553,200.83353,201.9978
2025-05-07 09:30:00,198.9027,198.9027,200.58011,202.12819
2025-05-07 09:31:00,198.4901,198.4901,200.53522,201.92355
2025-05-07 09:32:00,198.6727,198.6727,200.07295,202.05498
2025-05-07 09:33:00,198.872,198.872,200.16805,201.66373
2025-05-07 09:34:00,198.548,198.548,200.49167,200.61513
2025-05-07 09:35:00,197.9935,197.9935,200.28387,202.87961
2025-05-07 09:36:00,197.7827,197.7827,200.66359,202.18707
2025-05-07 09:37:00,197.6694,197.6694,200.09312,201.39021
2025-05-07 09:38:00,197.535,197.535,200.65007,202.2718
2025-05-07 09:39:00,197.5605,197.5605,200.4983,202.31479
2025-05-07 09:40:00,198.1108,198.1108,200.35919,202.7926
2025-05-07 09:41:00,198.2238,198.2238,200.13658,201.77736
2025-05-07 09:42:00,198.0272,198.0272,200.79248,201.96428
2025-05-07 09:43:00,198.0905,198.0905,200.53873,202.76321
2025-05-07 09:44:00,198.3604,198.3604,200.36209,201.90309
2025-05-07 09:45:00,198.453,198.453,200.74895,202.2972
2025-05-07 09:46:00,198.4155,198.4155,200.46211,201.53003
2025-05-07 09:47:00,198.4427,198.4427,200.90814,201.91193
2025-05-07 09:48:00,198.3939,198.3939,200.49721,201.60101
2025-05-07 09:49:00,197.9437,197.9437,200.80748,202.32997
2025-05-07 09:50:00,197.9089,197.9089,200.57304,201.57811
2025-05-07 09:51:00,197.937,197.937,200.58612,201.95935
2025-05-07 09:52:00,197.8746,197.8746,200.41011,201.48476
2025-05-07 09:53:00,197.9902,197.9902,199.98808,201.60356
2025-05-07 09:54:00,197.834,197.834,200.37259,201.273
2025-05-07 09:55:00,197.9445,197.9445,200.48283,201.87692
2025-05-07 09:56:00,197.9398,197.9398,200.69914,201.7115
2025-05-07 09:57:00,197.9222,197.9222,200.50528,202.82071
2025-05-07 09:58:00,197.76,197.76,200.47522,201.74405
2025-05-07 09:59:00,197.8227,197.8227,200.71068,202.93234
2025-05-07 10:00:00,197.918,197.918,200.16791,201.82823
2025-05-07 10:01:00,198.0052,198.0052,200.20987,202.47588
2025-05-07 10:02:00,197.9838,197.9838,200.3919,201.99478
2025-05-07 10:03:00,198.1431,198.1431,200.41666,202.4618
2025-05-07 10:04:00,198.1759,198.1759,200.35747,201.71532
2025-05-07 10:05:00,198.3209,198.3209,200.6167,201.74731
2025-05-07 10:06:00,198.3775,198.3775,200.41347,202.38872
2025-05-07 10:07:00,198.6094,198.6094,200.79962,202.1609
2025-05-07 10:08:00,198.6905,198.6905,200.17795,201.96426
2025-05-07 10:09:00,198.7616,198.7616,200.67616,202.34311
2025-05-07 10:10:00,198.8453,198.8453,200.45963,202.25816
2025-05-07 10:11:00,198.9214,198.9214,200.84167,202.14651
2025-05-07 10:12:00,198.9146,198.9146,200.6401,201.96164
2025-05-07 10:13:00,198.993,198.993,200.64922,203.16669
2025-05-07 10:14:00,199.0746,199.0746,199.90503,201.94508
2025-05-07 10:15:00,199.1609,199.1609,200.16649,201.75931
2025-05-07 10:16:00,199.0362,199.0362,200.18033,201.70691
2025-05-07 10:17:00,199.054,199.054,200.33437,201.88441
2025-05-07 10:18:00,199.0762,199.0762,200.20276,202.53665
2025-05-07 10:19:00,198.918,198.918,200.2053,202.91118
2025-05-07 10:20:00,198.8698,198.8698,200.6422,201.69781
2025-05-07 10:21:00,198.9316,198.9316,200.31578,202.71161
2025-05-07 10:22:00,199.0388,199.0388,200.54486,201.87433
2025-05-07 10:23:00,199.1657,199.1657,200.36166,201.16704
2025-05-07 10:24:00,199.3566,199.3566,200.59111,201.87263
2025-05-07 10:25:00,199.2706,199.2706,200.70589,203.23349
2025-05-07 10:26:00,199.1387,199.1387,200.61766,202.49358
2025-05-07 10:27:00,199.2673,199.2673,200.70183,202.2936
2025-05-07 10:28:00,199.2409,199.2409,200.73064,200.95802
2025-05-07 10:29:00,199.2718,199.2718,200.53403,202.0415
2025-05-07 10:30:00,199.3158,199.3158,200.78981,201.39754
2025-05-07 10:31:00,199.2034,199.2034,200.06361,201.40192
2025-05-07 10:32:00,199.1298,199.1298,200.18967,201.89192
2025-05-07 10:33:00,199.0111,199.0111,200.63438,200.99097
2025-05-07 10:34:00,198.9638,198.9638,200.13084,202.1672
2025-05-07 10:35:00,198.9717,198.9717,200.2754,202.27264
2025-05-07 10:36:00,198.9962,198.9962,200.42924,202.24162
2025-05-07 10:37:00,198.9929,198.9929,200.12581,201.09149
2025-05-07 10:38:00,198.9835,198.9835,199.9947,201.7816
2025-05-07 10:39:00,198.9918,198.9918,200.4106,201.45663
2025-05-07 10:40:00,198.9915,198.9915,200.6031,202.3448
2025-05-07 10:41:00,199.0369,199.0369,200.68428,200.66522
2025-05-07 10:42:00,199.1488,199.1488,200.48993,202.48834
2025-05-07 10:43:00,199.1576,199.1576,200.15404,202.8796
2025-05-07 10:44:00,199.0105,199.0105,200.48755,202.2416
2025-05-07 10:45:00,199.0064,199.0064,200.70125,202.18849
2025-05-07 10:46:00,198.9937,198.9937,200.8953,202.17714
2025-05-07 10:47:00,198.9982,198.9982,200.65388,202.76172
2025-05-07 10:48:00,198.9261,198.9261,200.0634,202.14766
2025-05-07 10:49:00,198.8065,198.8065,200.65819,201.63297
2025-05-07 10:50:00,198.498,198.498,200.02542,201.73955
2025-05-07 10:51:00,198.4265,198.4265,200.02467,201.30585
2025-05-07 10:52:00,198.4515,198.4515,200.2342,202.10056
2025-05-07 10:53:00,198.2113,198.2113,200.11743,201.87828
2025-05-07 10:54:00,197.8119,197.8119,200.78705,202.20201
2025-05-07 10:55:00,197.8053,197.8053,200.52008,202.55249
2025-05-07 10:56:00,197.5839,197.5839,200.40419,202.48853
2025-05-07 10:57:00,197.6132,197.6132,200.27103,201.68529
2025-05-07 10:58:00,197.6962,197.6962,199.85402,201.89972
2025-05-07 10:59:00,197.6123,197.6123,200.05048,202.11755
2025-05-07 11:00:00,197.3838,197.3838,200.18704,202.25903
2025-05-07 11:01:00,197.1926,197.1926,200.41785,202.56693
2025-05-07 11:02:00,197.0321,197.0321,200.66452,202.39099
2025-05-07 11:03:00,196.8343,196.8343,199.98358,203.08228
2025-05-07 11:04:00,196.6804,196.6804,200.13591,202.44617
2025-05-07 11:05:00,196.3427,196.3427,200.62802,202.48436
2025-05-07 11:06:00,196.2168,196.2168,200.44447,201.84972
2025-05-07 11:07:00,195.8126,195.8126,200.74821,202.02391
2025-05-07 11:08:00,195.6454,195.6454,200.45119,201.87633
2025-05-07 11:09:00,195.4451,195.4451,200.93687,201.49626
2025-05-07 11:10:00,195.5675,195.5675,200.57524,202.10922
2025-05-07 11:11:00,195.5071,195.5071,200.77383,202.37167
2025-05-07 11:12:00,195.1643,195.1643,200.32619,202.7221
2025-05-07 11:13:00,194.7915,194.7915,200.31317,202.95592
2025-05-07 11:14:00,194.6436,194.6436,200.4125,202.24242
2025-05-07 11:15:00,194.6189,194.6189,200.10695,202.78003
2025-05-07 11:16:00,194.5407,194.5407,199.73553,201.37119
2025-05-07 11:17:00,194.3624,194.3624,200.35182,201.71162
2025-05-07 11:18:00,194.4197,194.4197,200.02487,200.65521
2025-05-07 11:19:00,194.0931,194.0931,200.16441,202.63986
2025-05-07 11:20:00,194.0295,194.0295,200.086,201.55594
2025-05-07 11:21:00,194.5118,194.5118,199.91055,201.52983
2025-05-07 11:22:00,194.546,194.546,199.9819,202.21242
2025-05-07 11:23:00,194.5755,194.5755,199.6631,202.60019
2025-05-07 11:24:00,194.3838,194.3838,199.5235,201.31801
2025-05-07 11:25:00,194.2504,194.2504,200.46063,201.86996
2025-05-07 11:26:00,194.3642,194.3642,199.8313,201.57904
2025-05-07 11:27:00,194.32,194.32,200.43074,201.22423
2025-05-07 11:28:00,194.2262,194.2262,199.86555,202.01653
2025-05-07 11:29:00,194.3705,194.3705,200.03516,201.86763
2025-05-07 11:30:00,194.0915,194.0915,199.67369,201.90918
2025-05-07 11:31:00,193.8692,193.8692,200.128,201.89996
2025-05-07 11:32:00,193.8007,193.8007,199.96907,202.21272
2025-05-07 11:33:00,193.7493,193.7493,200.47313,202.71329
2025-05-07 11:34:00,193.7962,193.7962,200.05742,202.07346
2025-05-07 11:35:00,193.7332,193.7332,199.85544,202.2516
2025-05-07 11:36:00,193.5046,193.5046,199.73938,202.11917
2025-05-07 11:37:00,193.3723,193.3723,199.90147,202.46729
2025-05-07 11:38:00,193.7139,193.7139,199.93784,202.28535
2025-05-07 11:39:00,193.7853,193.7853,199.90726,202.49832
2025-05-07 11:40:00,193.9123,193.9123,200.08914,202.85025
2025-05-07 11:41:00,194.1555,194.1555,200.01399,202.52347
2025-05-07 11:42:00,194.291,194.291,200.4905,202.26526
2025-05-07 11:43:00,194.5016,194.5016,200.01439,202.39624
2025-05-07 11:44:00,194.5444,194.5444,200.42517,202.17763
2025-05-07 11:45:00,194.4901,194.4901,199.7443,202.10239
2025-05-07 11:46:00,194.4414,194.4414,200.56914,202.18306
2025-05-07 11:47:00,194.3416,194.3416,200.23817,201.88287
2025-05-07 11:48:00,194.2767,194.2767,199.49422,203.05205
2025-05-07 11:49:00,194.1901,194.1901,200.0322,202.30275
2025-05-07 11:50:00,194.0379,194.0379,200.1917,202.65651
2025-05-07 11:51:00,194.0662,194.0662,200.48659,202.05484
2025-05-07 11:52:00,194.3252,194.3252,200.30084,202.69707
2025-05-07 11:53:00,194.5008,194.5008,199.99504,202.8033
2025-05-07 11:54:00,194.5782,194.5782,199.64609,201.5598
2025-05-07 11:55:00,194.5688,194.5688,199.6974,201.33598
2025-05-07 11:56:00,194.7089,194.7089,200.41052,202.64474
2025-05-07 11:57:00,194.7517,194.7517,200.32417,201.53311
2025-05-07 11:58:00,194.8953,194.8953,200.23029,202.05208
2025-05-07 11:59:00,195.013,195.013,199.67923,202.95587
2025-05-07 12:00:00,194.9646,194.9646,199.69,202.81364
2025-05-07 12:01:00,195.1187,195.1187,200.114,202.14134
2025-05-07 12:02:00,195.0291,195.0291,199.90767,202.40309
2025-05-07 12:03:00,194.996,194.996,199.79306,201.77547
2025-05-07 12:04:00,194.8501,194.8501,200.23132,201.9682
2025-05-07 12:05:00,194.968,194.968,199.58266,203.00835
2025-05-07 12:06:00,194.8023,194.8023,199.70963,203.31955
2025-05-07 12:07:00,194.807,194.807,200.204,202.54749
2025-05-07 12:08:00,195.0011,195.0011,200.39055,202.47298
2025-05-07 12:09:00,195.1022,195.1022,200.10619,201.65562
2025-05-07 12:10:00,195.1293,195.1293,199.55016,201.6538
2025-05-07 12:11:00,195.1793,195.1793,200.09042,202.73964
2025-05-07 12:12:00,194.9816,194.9816,199.67569,201.57639
2025-05-07 12:13:00,194.9902,194.9902,200.27652,202.06918
2025-05-07 12:14:00,195.0968,195.0968,199.64328,202.84915
2025-05-07 12:15:00,195.0475,195.0475,199.7058,201.26198
2025-05-07 12:16:00,194.9228,194.9228,200.36797,202.14807
2025-05-07 12:17:00,195.0415,195.0415,199.87415,202.11487
2025-05-07 12:18:00,195.0452,195.0452,200.20154,201.90027
2025-05-07 12:19:00,195.1467,195.1467,199.91371,202.27199
2025-05-07 12:20:00,195.2087,195.2087,200.24168,202.12875
2025-05-07 12:21:00,194.9883,194.9883,200.00275,203.02284
2025-05-07 12:22:00,194.8348,194.8348,199.93301,201.10284
2025-05-07 12:23:00,194.7236,194.7236,200.26617,201.96268
2025-05-07 12:24:00,194.5836,194.5836,200.30318,201.71753
2025-05-07 12:25:00,194.7335,194.7335,199.45447,201.74149
2025-05-07 12:26:00,194.9233,194.9233,200.117,201.33292
2025-05-07 12:27:00,195.0011,195.0011,200.74261,201.76686
2025-05-07 12:28:00,194.9061,194.9061,200.01251,201.71744
2025-05-07 12:29:00,194.8833,194.8833,199.827,201.93233
2025-05-07 12:30:00,194.8194,194.8194,200.30893,201.64432
2025-05-07 12:31:00,194.7313,194.7313,200.31845,201.82295
2025-05-07 12:32:00,194.7023,194.7023,199.79485,201.68683
2025-05-07 12:33:00,194.8658,194.8658,199.94983,201.05917
2025-05-07 12:34:00,194.8063,194.8063,200.01888,202.0075
2025-05-07 12:35:00,194.8897,194.8897,199.61397,202.8611
2025-05-07 12:36:00,194.9305,194.9305,199.79099,201.8575
2025-05-07 12:37:00,194.85,194.85,199.59514,201.55452
2025-05-07 12:38:00,194.9711,194.9711,200.22865,202.85965
2025-05-07 12:39:00,195.0454,195.0454,200.07414,201.9255
2025-05-07 12:40:00,195.0907,195.0907,199.90715,202.40765
2025-05-07 12:41:00,195.2652,195.2652,199.85886,202.6645
2025-05-07 12:42:00,195.3129,195.3129,199.86371,201.80875
2025-05-07 12:43:00,195.3359,195.3359,199.6426,202.23187
2025-05-07 12:44:00,195.4384,195.4384,200.2464,201.84523
2025-05-07 12:45:00,195.3977,195.3977,199.81474,202.13446
2025-05-07 12:46:00,195.4204,195.4204,200.15341,201.41826
2025-05-07 12:47:00,195.4761,195.4761,199.51068,201.53387
2025-05-07 12:48:00,195.4818,195.4818,199.88617,201.90353
2025-05-07 12:49:00,195.4062,195.4062,199.69826,201.29602
2025-05-07 12:50:00,195.3689,195.3689,199.84154,202.20618
2025-05-07 12:51:00,195.3282,195.3282,199.2265,201.77237
2025-05-07 12:52:00,195.4116,195.4116,200.23694,201.1663
2025-05-07 12:53:00,195.4397,195.4397,199.8252,201.78217
2025-05-07 12:54:00,195.5026,195.5026,200.1027,201.70255
2025-05-07 12:55:00,195.5392,195.5392,200.01338,201.3468
2025-05-07 12:56:00,195.6096,195.6096,200.14095,202.256
2025-05-07 12:57:00,195.6535,195.6535,199.46275,202.07323
2025-05-07 12:58:00,195.6032,195.6032,199.66129,202.0903
2025-05-07 12:59:00,195.5941,195.5941,199.62633,202.00444
2025-05-07 13:00:00,195.5847,195.5847,199.51147,201.93907
2025-05-07 13:01:00,195.6295,195.6295,199.3311,201.66904
2025-05-07 13:02:00,195.5933,195.5933,199.67111,201.34367
2025-05-07 13:03:00,195.6913,195.6913,199.4852,202.54068
2025-05-07 13:04:00,195.6653,195.6653,199.64612,201.61633
2025-05-07 13:05:00,195.5983,195.5983,199.54024,201.75517
2025-05-07 13:06:00,195.5178,195.5178,199.33778,202.50308
2025-05-07 13:07:00,195.3998,195.3998,200.49312,202.19287
2025-05-07 13:08:00,195.4355,195.4355,199.9299,201.5065
2025-05-07 13:09:00,195.3204,195.3204,200.00601,201.64377
2025-05-07 13:10:00,195.2837,195.2837,200.16061,201.3645
2025-05-07 13:11:00,195.3076,195.3076,199.89635,202.36478
2025-05-07 13:12:00,195.3742,195.3742,199.69554,201.20793
2025-05-07 13:13:00,195.5079,195.5079,199.45,202.30469
2025-05-07 13:14:00,195.5437,195.5437,200.07513,202.30417
2025-05-07 13:15:00,195.5198,195.5198,199.51797,202.02538
2025-05-07 13:16:00,195.5731,195.5731,199.64357,202.36949
2025-05-07 13:17:00,195.466,195.466,199.84718,202.16493
2025-05-07 13:18:00,195.3427,195.3427,200.15918,202.4251
2025-05-07 13:19:00,195.4043,195.4043,199.86661,202.23695
2025-05-07 13:20:00,195.3326,195.3326,199.53603,202.47311
2025-05-07 13:21:00,195.2403,195.2403,199.92372,202.42151
2025-05-07 13:22:00,195.2134,195.2134,200.2534,202.55684
2025-05-07 13:23:00,195.1404,195.1404,199.69333,202.63588
2025-05-07 13:24:00,195.3038,195.3038,199.81847,201.44206
2025-05-07 13:25:00,195.4153,195.4153,200.01505,202.34665
2025-05-07 13:26:00,195.4327,195.4327,199.71341,201.4903
2025-05-07 13:27:00,195.4258,195.4258,199.64401,202.26602
2025-05-07 13:28:00,195.4487,195.4487,199.25046,201.8797
2025-05-07 13:29:00,195.3816,195.3816,199.13518,202.24533
2025-05-07 13:30:00,195.285,195.285,199.87091,202.55118
2025-05-07 13:31:00,195.2315,195.2315,200.01018,203.00385
2025-05-07 13:32:00,195.1746,195.1746,200.12279,202.26097
2025-05-07 13:33:00,195.1146,195.1146,200.14476,202.03435
2025-05-07 13:34:00,195.1179,195.1179,199.68997,202.55627
2025-05-07 13:35:00,195.0037,195.0037,200.03534,202.25264
2025-05-07 13:36:00,194.9067,194.9067,199.7937,201.69394
2025-05-07 13:37:00,194.9253,194.9253,200.24695,201.91371
2025-05-07 13:38:00,195.0034,195.0034,200.18414,202.25963
2025-05-07 13:39:00,194.9963,194.9963,199.8141,202.72897
2025-05-07 13:40:00,194.9598,194.9598,199.55913,201.60635
2025-05-07 13:41:00,194.9773,194.9773,199.42744,201.80548
2025-05-07 13:42:00,194.9832,194.9832,200.20676,202.58151
2025-05-07 13:43:00,194.9178,194.9178,199.9513,201.84436
2025-05-07 13:44:00,194.663,194.663,199.98933,202.69368
2025-05-07 13:45:00,194.7822,194.7822,199.31221,202.35779
2025-05-07 13:46:00,194.9772,194.9772,199.96175,202.2216
2025-05-07 13:47:00,195.0355,195.0355,199.56827,202.87169
2025-05-07 13:48:00,195.0295,195.0295,199.61581,202.06332
2025-05-07 13:49:00,195.0351,195.0351,200.09178,201.94545
2025-05-07 13:50:00,195.013,195.013,200.18567,201.92122
2025-05-07 13:51:00,194.7765,194.7765,199.54555,202.53683
2025-05-07 13:52:00,194.8191,194.8191,199.50938,202.0229
2025-05-07 13:53:00,194.4611,194.4611,199.92758,201.93716
2025-05-07 13:54:00,194.5739,194.5739,199.52296,201.67787
2025-05-07 13:55:00,194.7303,194.7303,199.60144,202.45888
2025-05-07 13:56:00,194.4597,194.4597,199.99855,201.91684
2025-05-07 13:57:00,194.5712,194.5712,199.42178,201.7868
2025-05-07 13:58:00,194.7186,194.7186,199.25237,202.83525
2025-05-07 13:59:00,194.7122,194.7122,199.90561,202.91039
2025-05-07 14:00:00,194.7274,194.7274,199.63626,202.86694
2025-05-07 14:01:00,194.859,194.859,199.81342,202.05307
2025-05-07 14:02:00,194.9815,194.9815,200.06558,202.84778
2025-05-07 14:03:00,194.8626,194.8626,200.02858,202.74107
2025-05-07 14:04:00,194.8471,194.8471,199.36983,202.56775
2025-05-07 14:05:00,194.5299,194.5299,199.66023,202.24706
2025-05-07 14:06:00,193.9408,193.9408,199.47319,201.82962
2025-05-07 14:07:00,193.7582,193.7582,199.92027,202.89532
2025-05-07 14:08:00,193.5283,193.5283,199.92702,201.9133
2025-05-07 14:09:00,193.499,193.499,199.64035,202.07361
2025-05-07 14:10:00,193.499,193.499,199.84177,202.3991
2025-05-07 14:11:00,193.499,193.499,200.21246,201.7924
2025-05-07 14:12:00,193.499,193.499,199.82649,202.31633
2025-05-07 14:13:00,193.499,193.499,199.5561,202.03125
2025-05-07 14:14:00,193.499,193.499,199.69427,202.2921
2025-05-07 14:15:00,193.499,193.499,200.0294,202.23778
2025-05-07 14:16:00,193.499,193.499,200.13033,203.12497
2025-05-07 14:17:00,193.499,193.499,199.39363,202.61182
2025-05-07 14:18:00,193.499,193.499,199.47617,202.29175
2025-05-07 14:19:00,193.499,193.499,199.34778,203.06642
2025-05-07 14:20:00,193.499,193.499,199.66508,202.16866
2025-05-07 14:21:00,193.499,193.499,199.78635,201.7733
2025-05-07 14:22:00,193.499,193.499,199.45636,202.46353
2025-05-07 14:23:00,193.499,193.499,200.0019,203.1755
2025-05-07 14:24:00,193.499,193.499,199.59082,202.08421
2025-05-07 14:25:00,193.499,193.499,200.17407,202.25784
2025-05-07 14:26:00,193.499,193.499,199.71243,202.35112
2025-05-07 14:27:00,193.499,193.499,200.1169,201.98502
2025-05-07 14:28:00,193.499,193.499,199.57602,202.86528
2025-05-07 14:29:00,193.499,193.499,199.0083,202.48492
2025-05-07 14:30:00,193.499,193.499,200.17613,201.72142
2025-05-07 14:31:00,193.499,193.499,199.79303,201.6617
2025-05-07 14:32:00,193.499,193.499,199.98102,202.23839
2025-05-07 14:33:00,193.499,193.499,199.79057,202.11801
2025-05-07 14:34:00,193.499,193.499,199.69667,202.91737
2025-05-07 14:35:00,193.499,193.499,200.04726,202.3601
2025-05-07 14:36:00,193.499,193.499,199.98686,202.3917
2025-05-07 14:37:00,193.499,193.499,199.36064,201.93596
2025-05-07 14:38:00,193.499,193.499,199.77922,201.54407
2025-05-07 14:39:00,193.499,193.499,200.19778,202.2775
2025-05-07 14:40:00,193.499,193.499,199.18785,201.85782
2025-05-07 14:41:00,193.499,193.499,199.76378,202.16646
2025-05-07 14:42:00,193.499,193.499,199.06293,202.45026
2025-05-07 14:43:00,193.499,193.499,199.33311,202.14415
2025-05-07 14:44:00,193.499,193.499,199.73407,202.50397
2025-05-07 14:45:00,193.499,193.499,199.63568,201.93484
2025-05-07 14:46:00,193.499,193.499,199.82034,202.23463
2025-05-07 14:47:00,193.499,193.499,199.426,201.88464
2025-05-07 14:48:00,193.499,193.499,199.89398,201.79222
2025-05-07 14:49:00,193.499,193.499,199.45206,202.19058
2025-05-07 14:50:00,193.499,193.499,199.79955,202.25725
2025-05-07 14:51:00,193.499,193.499,199.53432,202.62813
2025-05-07 14:52:00,193.499,193.499,199.78935,201.99385
2025-05-07 14:53:00,193.499,193.499,199.80157,202.00325
2025-05-07 14:54:00,193.499,193.499,199.46524,201.84018
2025-05-07 14:55:00,193.499,193.499,199.58334,202.69563
2025-05-07 14:56:00,193.499,193.499,200.18077,201.73674
2025-05-07 14:57:00,193.499,193.499,199.84767,201.43753
2025-05-07 14:58:00,193.499,193.499,199.95744,202.93513
2025-05-07 14:59:00,193.499,193.499,200.05196,201.82442
2025-05-07 15:00:00,193.499,193.499,199.98656,202.32275
2025-05-07 15:01:00,193.499,193.499,199.56726,202.06161
2025-05-07 15:02:00,193.499,193.499,200.21959,202.29146
2025-05-07 15:03:00,193.499,193.499,200.0404,202.08545
2025-05-07 15:04:00,193.499,193.499,199.58125,201.58513
2025-05-07 15:05:00,193.499,193.499,199.85162,201.4595
2025-05-07 15:06:00,193.499,193.499,199.87018,202.18051
2025-05-07 15:07:00,193.499,193.499,199.9624,200.76115
2025-05-07 15:08:00,193.499,193.499,200.12679,202.45502
2025-05-07 15:09:00,193.499,193.499,199.28712,201.92538
2025-05-07 15:10:00,193.499,193.499,200.18396,201.71706
2025-05-07 15:11:00,193.499,193.499,199.78311,202.49713
2025-05-07 15:12:00,193.499,193.499,199.40411,201.73401
2025-05-07 15:13:00,193.499,193.499,200.09027,202.21944
2025-05-07 15:14:00,193.499,193.499,200.08691,202.40268
2025-05-07 15:15:00,193.499,193.499,199.89946,202.27744
2025-05-07 15:16:00,193.499,193.499,199.24776,202.5415
2025-05-07 15:17:00,193.499,193.499,199.96317,202.11946
2025-05-07 15:18:00,193.499,193.499,199.25159,201.9285
2025-05-07 15:19:00,193.499,193.499,199.56134,202.29974
2025-05-07 15:20:00,193.499,193.499,199.56093,201.7927
2025-05-07 15:21:00,193.499,193.499,200.06586,201.83694
2025-05-07 15:22:00,193.499,193.499,199.80637,202.61633
2025-05-07 15:23:00,193.499,193.499,199.61415,201.53917
2025-05-07 15:24:00,193.499,193.499,199.5571,201.62401
2025-05-07 15:25:00,193.499,193.499,199.09344,201.923
2025-05-07 15:26:00,193.499,193.499,200.0029,202.16687
2025-05-07 15:27:00,193.499,193.499,199.66049,200.82712
2025-05-07 15:28:00,193.499,193.499,200.08862,201.51387
2025-05-07 15:29:00,193.499,193.499,199.72908,201.49942
2025-05-07 15:30:00,193.499,193.499,199.74448,201.67798
2025-05-07 15:31:00,193.499,193.499,199.29587,201.89407
2025-05-07 15:32:00,193.499,193.499,199.51434,200.88443
2025-05-07 15:33:00,193.499,193.499,199.13416,201.98747
2025-05-07 15:34:00,193.499,193.499,199.86844,201.46098
2025-05-07 15:35:00,193.499,193.499,199.33008,201.95905
2025-05-07 15:36:00,193.499,193.499,199.80118,201.79486
2025-05-07 15:37:00,193.499,193.499,198.88571,202.15395
2025-05-07 15:38:00,193.499,193.499,199.92334,202.03488
2025-05-07 15:39:00,193.499,193.499,199.80678,201.50603
2025-05-07 15:40:00,193.499,193.499,200.10106,201.54846
2025-05-07 15:41:00,193.499,193.499,199.33638,202.24481
2025-05-07 15:42:00,193.499,193.499,200.1815,202.33781
2025-05-07 15:43:00,193.499,193.499,199.37207,202.27733
2025-05-07 15:44:00,193.499,193.499,199.50699,201.26056
2025-05-07 15:45:00,193.499,193.499,199.23933,201.04095
2025-05-07 15:46:00,193.499,193.499,200.21722,200.94843
2025-05-07 15:47:00,193.499,193.499,199.64267,201.59372
2025-05-07 15:48:00,193.499,193.499,199.36485,201.64561
2025-05-07 15:49:00,193.499,193.499,199.29192,202.27505
2025-05-07 15:50:00,193.499,193.499,199.08867,201.53728
2025-05-07 15:51:00,193.499,193.499,199.48703,201.78917
2025-05-07 15:52:00,193.499,193.499,199.81235,201.83417
2025-05-07 15:53:00,193.499,193.499,199.76042,201.75206
2025-05-07 15:54:00,193.499,193.499,199.46864,201.72699
2025-05-07 15:55:00,193.499,193.499,200.00146,201.66943
2025-05-07 15:56:00,193.499,193.499,199.6313,201.70415
2025-05-07 15:57:00,193.499,193.499,199.37984,201.84924
2025-05-07 15:58:00,193.499,193.499,199.2222,202.33913
2025-05-07 15:59:00,193.499,193.499,199.9505,201.38632
2025-05-07 16:00:00,193.499,193.499,199.70027,201.30818
2025-05-07 16:01:00,193.499,193.499,199.4613,201.38004
2025-05-07 16:02:00,193.499,193.499,199.96524,201.22447
2025-05-07 16:03:00,193.499,193.499,199.56966,201.00262
2025-05-07 16:04:00,193.499,193.499,199.54863,201.88573
2025-05-07 16:05:00,193.499,193.499,198.90111,201.68301
2025-05-07 16:06:00,193.499,193.499,199.54701,201.78816
2025-05-07 16:07:00,193.499,193.499,199.68233,201.57498
2025-05-07 16:08:00,193.499,193.499,200.03058,201.64388
2025-05-07 16:09:00,193.499,193.499,199.16832,201.68442
2025-05-07 16:10:00,193.499,193.499,199.52266,201.77547
2025-05-07 16:11:00,193.499,193.499,199.50471,201.84813
2025-05-07 16:12:00,193.499,193.499,199.6062,201.2656
2025-05-07 16:13:00,193.499,193.499,199.90564,203.00677
2025-05-07 16:14:00,193.499,193.499,199.52281,201.78754
2025-05-07 16:15:00,193.499,193.499,199.80531,201.19041
2025-05-07 16:16:00,193.499,193.499,199.03412,201.49146
2025-05-07 16:17:00,193.499,193.499,199.19551,200.81049
2025-05-07 16:18:00,193.499,193.499,199.82893,201.98207
2025-05-07 16:19:00,193.499,193.499,200.08414,202.06155
2025-05-07 16:20:00,193.499,193.499,199.8131,201.94847
2025-05-07 16:21:00,193.499,193.499,199.59332,201.3838
2025-05-07 16:22:00,193.499,193.499,199.18787,201.87546
2025-05-07 16:23:00,193.499,193.499,199.21292,201.19353
2025-05-07 16:24:00,193.499,193.499,199.73775,201.35588
2025-05-07 16:25:00,193.499,193.499,199.46228,201.42123
2025-05-07 16:26:00,193.499,193.499,199.55602,201.73158
2025-05-07 16:27:00,193.499,193.499,199.52411,201.9116
2025-05-07 16:28:00,193.499,193.499,199.68076,202.20735
2025-05-07 16:29:00,193.499,193.499,199.69868,201.1068
2025-05-07 16:30:00,193.499,193.499,199.82593,201.65187
2025-05-07 16:31:00,193.499,193.499,199.09406,201.7776
2025-05-07 16:32:00,193.499,193.499,199.50877,201.74702
2025-05-07 16:33:00,193.499,193.499,199.36374,202.3945
2025-05-07 16:34:00,193.499,193.499,199.91191,201.73009
2025-05-07 16:35:00,193.499,193.499,199.28862,200.67673
2025-05-07 16:36:00,193.499,193.499,199.77492,201.82271
2025-05-07 16:37:00,193.499,193.499,199.93384,201.33395
2025-05-07 16:38:00,193.499,193.499,199.32721,201.89503
2025-05-07 16:39:00,193.499,193.499,199.27101,202.36061
2025-05-07 16:40:00,193.499,193.499,200.08348,201.88333
2025-05-07 16:41:00,193.499,193.499,199.18234,201.70303
2025-05-07 16:42:00,193.499,193.499,199.91797,201.93639
2025-05-07 16:43:00,193.499,193.499,199.97244,202.2149
2025-05-07 16:44:00,193.499,193.499,199.26086,202.05823
2025-05-07 16:45:00,193.499,193.499,199.6436,202.13864
2025-05-07 16:46:00,193.499,193.499,199.16609,201.81741
2025-05-07 16:47:00,193.499,193.499,199.39058,202.33665
2025-05-07 16:48:00,193.499,193.499,199.54826,201.84473
2025-05-07 16:49:00,193.499,193.499,199.7545,201.73639
2025-05-07 16:50:00,193.499,193.499,199.2437,201.68867
2025-05-07 16:51:00,193.499,193.499,199.77133,202.53688
2025-05-07 16:52:00,193.499,193.499,199.7977,201.78938
2025-05-07 16:53:00,193.499,193.499,199.78867,201.78568
2025-05-07 16:54:00,193.499,193.499,199.40941,201.6797
2025-05-07 16:55:00,193.499,193.499,199.22606,201.74768
2025-05-07 16:56:00,193.499,193.499,199.75401,202.13963
2025-05-07 16:57:00,193.499,193.499,199.73848,201.80272
2025-05-07 16:58:00,193.499,193.499,199.28949,200.78267
2025-05-07 16:59:00,193.499,193.499,199.60988,202.21634
2025-05-07 17:00:00,193.499,193.499,199.39955,200.75307
2025-05-07 17:01:00,193.499,193.499,199.18091,202.02621
2025-05-07 17:02:00,193.499,193.499,199.31949,201.56053
2025-05-07 17:03:00,193.499,193.499,199.03087,201.0425
2025-05-07 17:04:00,193.499,193.499,199.44139,200.96602
2025-05-07 17:05:00,193.499,193.499,199.3151,201.27446
2025-05-07 17:06:00,193.499,193.499,199.36986,201.85953
2025-05-07 17:07:00,193.499,193.499,200.01633,201.65422
2025-05-07 17:08:00,193.499,193.499,199.10483,200.9719
2025-05-07 17:09:00,193.499,193.499,199.65697,201.19191
2025-05-07 17:10:00,193.499,193.499,199.62964,201.70377
2025-05-07 17:11:00,193.499,193.499,198.96141,202.32361
2025-05-07 17:12:00,193.499,193.499,199.87411,200.82777
2025-05-07 17:13:00,193.499,193.499,199.53156,202.0884
2025-05-07 17:14:00,193.499,193.499,200.10191,201.03967
2025-05-07 17:15:00,193.499,193.499,199.45233,200.43874
2025-05-07 17:16:00,193.499,193.499,199.587,201.12257
2025-05-07 17:17:00,193.499,193.499,199.54956,202.36255
2025-05-07 17:18:00,193.499,193.499,199.30928,200.78642
2025-05-07 17:19:00,193.499,193.499,199.80782,201.4686
2025-05-07 17:20:00,193.499,193.499,199.49193,201.80115
2025-05-07 17:21:00,193.499,193.499,199.31924,201.18219
2025-05-07 17:22:00,193.499,193.499,199.50491,200.31644
2025-05-07 17:23:00,193.499,193.499,199.66472,201.09294
2025-05-07 17:24:00,193.499,193.499,199.0307,201.74571
2025-05-07 17:25:00,193.499,193.499,198.93616,200.8
2025-05-07 17:26:00,193.499,193.499,199.678,201.56862
2025-05-07 17:27:00,193.499,193.499,199.61545,200.62192
2025-05-07 17:28:00,193.499,193.499,199.23718,201.61594
2025-05-07 17:29:00,193.499,193.499,199.15477,200.80028
2025-05-07 17:30:00,193.499,193.499,199.48167,201.5298
2025-05-07 17:31:00,193.499,193.499,199.39676,201.08208
2025-05-07 17:32:00,193.499,193.499,199.89143,202.09962
2025-05-07 17:33:00,193.499,193.499,199.36284,201.36154
2025-05-07 17:34:00,193.499,193.499,199.53844,201.40063
2025-05-07 17:35:00,193.499,193.499,199.0767,201.16661
2025-05-07 17:36:00,193.499,193.499,199.68591,201.82672
2025-05-07 17:37:00,193.499,193.499,199.02373,201.23814
2025-05-07 17:38:00,193.499,193.499,199.37787,201.61859
2025-05-07 17:39:00,193.499,193.499,198.97502,200.92892
2025-05-07 17:40:00,193.499,193.499,198.93936,200.7138
2025-05-07 17:41:00,193.499,193.499,198.98288,201.51872
2025-05-07 17:42:00,193.499,193.499,198.76448,201.21967
2025-05-07 17:43:00,193.499,193.499,199.2284,201.61995
2025-05-07 17:44:00,193.499,193.499,199.49576,200.57777
2025-05-07 17:45:00,193.499,193.499,199.71552,202.13066
2025-05-07 17:46:00,193.499,193.499,199.06653,201.4454
2025-05-07 17:47:00,193.499,193.499,199.20493,201.75478
2025-05-07 17:48:00,193.499,193.499,199.2338,201.69002
2025-05-07 17:49:00,193.499,193.499,199.58598,201.01122
2025-05-07 17:50:00,193.499,193.499,199.328,201.22679
2025-05-07 17:51:00,193.499,193.499,199.34337,201.04805
2025-05-07 17:52:00,193.499,193.499,199.61203,201.28381
2025-05-07 17:53:00,193.499,193.499,199.07639,201.68272
2025-05-07 17:54:00,193.499,193.499,199.74979,201.82735
2025-05-07 17:55:00,193.499,193.499,199.34036,201.55147
2025-05-07 17:56:00,193.499,193.499,199.60008,200.8302
2025-05-07 17:57:00,193.499,193.499,198.86613,201.89128
2025-05-07 17:58:00,193.499,193.499,199.40363,200.76709
2025-05-07 17:59:00,193.499,193.499,199.4333,201.70361
2025-05-07 18:00:00,193.499,193.499,199.56221,201.97127
2025-05-07 18:01:00,193.499,193.499,199.12779,201.15526
2025-05-07 18:02:00,193.499,193.499,199.54059,201.59923
2025-05-07 18:03:00,193.499,193.499,199.0606,201.23006
2025-05-07 18:04:00,193.499,193.499,199.06006,201.8354
2025-05-07 18:05:00,193.499,193.499,199.1078,200.90605
2025-05-07 18:06:00,193.499,193.499,199.4471,201.66441
2025-05-07 18:07:00,193.499,193.499,199.25037,201.43364
2025-05-07 18:08:00,193.499,193.499,199.4914,201.90573
2025-05-07 18:09:00,193.499,193.499,199.93912,201.37082
2025-05-07 18:10:00,193.499,193.499,199.11058,200.99231
2025-05-07 18:11:00,193.499,193.499,199.32416,201.74068
2025-05-07 18:12:00,193.499,193.499,199.3715,201.68958
2025-05-07 18:13:00,193.499,193.499,199.36418,201.93036
2025-05-07 18:14:00,193.499,193.499,199.44882,201.60294
2025-05-07 18:15:00,193.499,193.499,199.18228,201.47664
2025-05-07 18:16:00,193.499,193.499,199.20924,201.76857
2025-05-07 18:17:00,193.499,193.499,199.76718,202.02968
2025-05-07 18:18:00,193.499,193.499,199.51588,201.54712
2025-05-07 18:19:00,193.499,193.499,199.61795,201.36653
2025-05-07 18:20:00,193.499,193.499,198.85684,201.17346
2025-05-07 18:21:00,193.499,193.499,199.72327,200.2065
2025-05-07 18:22:00,193.499,193.499,199.62793,201.77252
2025-05-07 18:23:00,193.499,193.499,199.02237,201.00319
2025-05-07 18:24:00,193.499,193.499,199.33195,201.37938
2025-05-07 18:25:00,193.499,193.499,199.72571,201.67024
2025-05-07 18:26:00,193.499,193.499,198.96951,201.20117
2025-05-07 18:27:00,193.499,193.499,199.6846,201.60062
2025-05-07 18:28:00,193.499,193.499,199.35896,200.69513
2025-05-07 18:29:00,193.499,193.499,199.81107,201.72588
2025-05-07 18:30:00,193.499,193.499,199.07649,201.20418
2025-05-07 18:31:00,193.499,193.499,199.67372,201.37886
2025-05-07 18:32:00,193.499,193.499,199.41083,201.02467
2025-05-07 18:33:00,193.499,193.499,199.54883,201.56134
2025-05-07 18:34:00,193.499,193.499,199.13524,200.56071
2025-05-07 18:35:00,193.499,193.499,199.8395,201.17537
2025-05-07 18:36:00,193.499,193.499,198.9689,200.49515
2025-05-07 18:37:00,193.499,193.499,199.0932,200.74435
2025-05-07 18:38:00,193.499,193.499,198.9178,201.28532
2025-05-07 18:39:00,193.499,193.499,199.22113,201.14616
2025-05-07 18:40:00,193.499,193.499,199.18405,201.3
2025-05-07 18:41:00,193.499,193.499,199.07185,201.07947
2025-05-07 18:42:00,193.499,193.499,198.88016,201.36295
2025-05-07 18:43:00,193.499,193.499,199.02072,201.39713
2025-05-07 18:44:00,193.499,193.499,198.80717,201.13358
2025-05-07 18:45:00,193.499,193.499,199.40689,201.37029
2025-05-07 18:46:00,193.499,193.499,199.23027,201.163
2025-05-07 18:47:00,193.499,193.499,199.53111,201.19383
2025-05-07 18:48:00,193.499,193.499,199.21725,200.74779
2025-05-07 18:49:00,193.499,193.499,198.82199,200.77959
2025-05-07 18:50:00,193.499,193.499,199.39346,200.6617
2025-05-07 18:51:00,193.499,193.499,199.16292,201.3384
2025-05-07 18:52:00,193.499,193.499,199.49864,201.5146
2025-05-07 18:53:00,193.499,193.499,199.24297,200.9463
2025-05-07 18:54:00,193.499,193.499,199.35498,201.37419
2025-05-07 18:55:00,193.499,193.499,199.42323,200.62943
2025-05-07 18:56:00,193.499,193.499,199.57631,200.8614
2025-05-07 18:57:00,193.499,193.499,199.46529,200.47713
2025-05-07 18:58:00,193.499,193.499,199.03214,200.42963
2025-05-07 18:59:00,193.499,193.499,199.49342,201.112
2025-05-07 19:00:00,193.499,193.499,199.4422,200.81273
2025-05-07 19:01:00,193.499,193.499,199.59341,200.9897
2025-05-07 19:02:00,193.499,193.499,199.4947,200.85959
2025-05-07 19:03:00,193.499,193.499,199.06999,200.22792
2025-05-07 19:04:00,193.499,193.499,198.8818,200.6185
2025-05-07 19:05:00,193.499,193.499,198.96205,200.4542
2025-05-07 19:06:00,193.499,193.499,199.58646,200.5529
2025-05-07 19:07:00,193.499,193.499,199.06157,200.77733
2025-05-07 19:08:00,193.499,193.499,199.2026,201.30322
2025-05-07 19:09:00,193.499,193.499,198.79321,200.58752
2025-05-07 19:10:00,193.499,193.499,198.81313,200.69931
2025-05-07 19:11:00,193.499,193.499,199.8824,200.9929
2025-05-07 19:12:00,193.499,193.499,199.59402,200.60875
2025-05-07 19:13:00,193.499,193.499,199.61804,201.08994
2025-05-07 19:14:00,193.499,193.499,199.25665,201.34818
2025-05-07 19:15:00,193.499,193.499,199.07425,200.94563
2025-05-07 19:16:00,193.499,193.499,198.9564,201.52597
2025-05-07 19:17:00,193.499,193.499,198.99641,201.36824
2025-05-07 19:18:00,193.499,193.499,199.0646,201.4836
2025-05-07 19:19:00,193.499,193.499,199.50937,201.00638
2025-05-07 19:20:00,193.499,193.499,198.53615,200.40703
2025-05-07 19:21:00,193.499,193.499,199.18407,200.78574
2025-05-07 19:22:00,193.499,193.499,199.70955,201.22784
2025-05-07 19:23:00,193.499,193.499,199.24706,200.28036
2025-05-07 19:24:00,193.499,193.499,199.23239,201.0354
2025-05-07 19:25:00,193.499,193.499,199.19011,201.80418
2025-05-07 19:26:00,193.499,193.499,199.27145,201.04759
2025-05-07 19:27:00,193.499,193.499,199.12538,200.59474
2025-05-07 19:28:00,193.499,193.499,198.99844,201.01949
2025-05-07 19:29:00,193.499,193.499,199.4804,199.97238
2025-05-07 19:30:00,193.499,193.499,199.57457,200.94023
2025-05-07 19:31:00,193.499,193.499,199.00223,200.39667
2025-05-07 19:32:00,193.499,193.499,199.14204,200.78416
2025-05-07 19:33:00,193.499,193.499,198.86176,200.8711
2025-05-07 19:34:00,193.499,193.499,199.61255,201.28717
2025-05-07 19:35:00,193.499,193.499,199.95357,200.99869
2025-05-07 19:36:00,193.499,193.499,199.5522,201.53557
2025-05-07 19:37:00,193.499,193.499,199.1336,200.7766
2025-05-07 19:38:00,193.499,193.499,199.3998,201.04051
2025-05-07 19:39:00,193.499,193.499,199.2645,201.48029
2025-05-07 19:40:00,193.499,193.499,199.14838,201.09628
2025-05-07 19:41:00,193.499,193.499,198.85312,201.68832
2025-05-07 19:42:00,193.499,193.499,199.68706,200.88995
2025-05-07 19:43:00,193.499,193.499,199.2653,201.26157
2025-05-07 19:44:00,193.499,193.499,199.84549,201.1969
2025-05-07 19:45:00,193.499,193.499,199.35236,201.43567
2025-05-07 19:46:00,193.499,193.499,199.40866,201.71889
2025-05-07 19:47:00,193.499,193.499,198.95273,201.28146
2025-05-07 19:48:00,193.499,193.499,199.35837,201.24825
2025-05-07 19:49:00,193.499,193.499,198.83102,200.83186
2025-05-07 19:50:00,193.499,193.499,198.85974,200.77516
2025-05-07 19:51:00,193.499,193.499,199.00728,201.24521
2025-05-07 19:52:00,193.499,193.499,198.95023,200.61151
2025-05-07 19:53:00,193.499,193.499,199.7986,201.31389
2025-05-07 19:54:00,193.499,193.499,199.40018,201.69824
2025-05-07 19:55:00,193.499,193.499,199.50676,201.5578
2025-05-07 19:56:00,193.499,193.499,199.4832,201.34612
2025-05-07 19:57:00,193.499,193.499,199.13025,200.9987
2025-05-07 19:58:00,193.499,193.499,199.84294,200.96626
2025-05-07 19:59:00,193.499,193.499,198.97772,201.39111
